"X","Y","H(X)","H(Y)","H(XY)","H(X|Y)","H(Y|X)","I(X;Y)","p"
"unit-test\DMS.p0=0.7.len=1MB.dat","unit-test\BSC.p=0.2.DMS.p0=0.7.len=1MB.dat","0.8815740179494431","0.9580634108632334","1.598303868469393","0.6402404576061597","0.71672985051995","0.24133356034328346","0.19992947578430176"
"unit-test\DMS.p0=0.7.len=1MB.dat","unit-test\BSC.p=0.5.DMS.p0=0.7.len=1MB.dat","0.8815740179494431","0.9999766514531621","1.875738803469677","0.8757621520165149","0.9941647855202339","0.005811865932928262","0.49995458126068115"
"unit-test\DMS.p0=0.9.len=1MB.dat","unit-test\BSC.p=0.2.DMS.p0=0.9.len=1MB.dat","0.4691460752989206","0.8263517706848273","1.1883464216319728","0.3619946509471455","0.7192003463330522","0.1071514243517751","0.19992947578430176"
