X,Y,H(X),H(Y),H(XY),H(X|Y),H(Y|X),I(X;Y),p
unit-test\DMS.p0=0.7.len=1MB.dat,unit-test\BSC.p=0.2.DMS.p0=0.7.len=1MB.dat,0.881290899,0.958042022,1.603218994,0.645176972,0.721928095,0.236113927,0.2
unit-test\DMS.p0=0.7.len=1MB.dat,unit-test\BSC.p=0.5.DMS.p0=0.7.len=1MB.dat,0.881290899,1,1.881290899,0.881290899,1,0,0.5
unit-test\DMS.p0=0.9.len=1MB.dat,unit-test\BSC.p=0.2.DMS.p0=0.9.len=1MB.dat,0.468995594,0.826746372,1.190923688,0.364177316,0.721928095,0.104818278,0.2
